{
  "baseNote": {
    "frequency": "new Fraction(263)",
    "startTime": "new Fraction(0)",
    "tempo": "new Fraction(220)",
    "beatsPerMeasure": "new Fraction(4)"
  },
  "notes": [
    {
      "id": 1,
      "startTime": "module.baseNote.getVariable('startTime')",
      "duration": "new Fraction(60).div(module.findTempo(module.baseNote))",
      "frequency": "new Fraction(5, 4).mul(module.baseNote.getVariable('frequency'))",
      "color": "rgba(0,0,255,0.7)"
    },
    {
      "id": 2,
      "startTime": "module.baseNote.getVariable('startTime')",
      "duration": "new Fraction(60).div(module.findTempo(module.baseNote))",
      "frequency": "new Fraction(3, 2).mul(module.baseNote.getVariable('frequency'))",
      "color": "rgba(0,0,255,0.7)"
    },
    {
      "id": 3,
      "startTime": "module.baseNote.getVariable('startTime')",
      "duration": "new Fraction(60).div(module.findTempo(module.baseNote))",
      "frequency": "new Fraction(2, 1).mul(module.baseNote.getVariable('frequency'))",
      "color": "rgba(0,0,255,0.7)"
    }
  ]
}